Row,vertex 0,vertex 1,vertex 2,uv 0,uv 1
0, 4.29497e+09, 4.29497e+09, 0.00, 0.00, 0.00
1, 4.29497e+09, 512.00, 0.00, 0.00, 1.00
2, 512.00, 512.00, 0.00, 1.00, 1.00
3, 512.00, 4.29497e+09, 0.00, 1.00, 0.00
4, 4.29497e+09, 4.29497e+09, 0.00, 0.00, 0.00
5, 4.29497e+09, 512.00, 0.00, 0.00, 1.00
6, 512.00, 512.00, 0.00, 1.00, 1.00
7, 512.00, 4.29497e+09, 0.00, 1.00, 0.00
